{
  "Component-preload.js": 1651048975737,
  "controller/Object.controller.js": 1651045417458,
  "utils/locate-reuse-libs.js": 1651045417438,
  "model/models.js": 1651045417454,
  "model/formatter.js": 1651045417466,
  "controller/Worklist.controller.js": 1651045417466,
  "manifest.json": 1651048975299,
  "controller/NotFound.controller.js": 1651045417458,
  "controller/ErrorHandler.js": 1651045417458,
  "controller/BaseController.js": 1651045417454,
  "controller/App.controller.js": 1651045417454,
  "Component.js": 1651045417430,
  "manifest-bundle.zip": 1651048975315,
  "i18n/i18n.properties": 1651045417438,
  "utils/locate-reuse-libs-dbg.js": 1651045417438,
  "model/models-dbg.js": 1651045417454,
  "model/formatter-dbg.js": 1651045417466,
  "controller/Worklist-dbg.controller.js": 1651045417466,
  "controller/Object-dbg.controller.js": 1651045417458,
  "controller/NotFound-dbg.controller.js": 1651045417458,
  "controller/ErrorHandler-dbg.js": 1651045417458,
  "controller/BaseController-dbg.js": 1651045417454,
  "controller/App-dbg.controller.js": 1651045417454,
  "Component-dbg.js": 1651045417430,
  "view/Worklist.view.xml": 1651045417474,
  "view/ObjectNotFound.view.xml": 1651045417470,
  "view/Object.view.xml": 1651045417470,
  "view/NotFound.view.xml": 1651045417470,
  "view/App.view.xml": 1651045417466,
  "index.html": 1651045417434
}